English,Br
the,a
be,ser
and,e
of,do
a,uma
in,dentro
to,para
have,tenho
to,para
it,isto
I,EU
that,este
for,por
you,vocês
he,ele
with,com
on,sobre
do,Faz
s,s
say,dizer
they,elas
this,isto
but,mas
at,no
we,nós
his,seu
from,a partir de
that,este
not,não
n't,não
by,por
or,ou
she,ela
as,Como
what,o que
go,vai
their,seus
will,vai
who,quem
can,posso
get,pegue
if,E se
all,tudo
would,gostaria
her,sua
make,faço
about,cerca de
my,minha
know,conhecer
as,Como
there,lá
one,1
up,acima
time,Tempo
year,ano
so,assim
think,acho
see,Vejo
which,que
when,quando
some,algum
them,eles
people,pessoas
take,leva
me,Eu
out,Fora
into,em
just,apenas
him,dele
come,venha
your,sua
now,agora
could,poderia
than,do que
like,Curti
other,outro
then,então
how,Como as
its,Está
two,dois
our,nosso
more,mais
these,esses
want,querer
way,caminho
no,não
look,olhar
first,primeiro
also,também
new,novo
because,Porque
day,dia
more,mais
use,usar
man,cara
here,aqui
find,achar
give,dar
thing,coisa
well,Nós vamos
many,muitos
only,só
those,Essa
tell,dizer
very,muito
one,1
even,até
her,sua
back,de volta
any,algum
good,Boa
us,nós
through,Através dos
woman,mulher
life,vida
child,filho
there,lá
down,baixa
work,trabalhar
after,depois
call,ligar
may,poderia
world,mundo
over,sobre
should,deve
still,ainda
try,tentar
in,dentro
school,escola
as,Como
last,último
ask,perguntar
too,também
need,precisar
three,três
feel,sentir
when,quando
become,vir a ser
state,Estado
never,Nunca
between,entre
high,Alto
something,algo
really,verdade
most,a maioria
another,outro
much,Muito de
own,ter
family,família
out,Fora
house,lar
leave,sair
put,colocar
old,velho
on,sobre
while,enquanto
mean,significa
let,deixar
why,Por quê
president,Presidente
keep,guarda
same,mesmo
great,excelente
begin,começar
big,grande
seem,parecer
group,grupo
country,país
talk,conversa
problem,problema
where,Onde
turn,virar
student,aluna
every,todo
hand,mão
help,ajuda
against,contra
start,começar
American,americano
part,papel
show,mostrar
about,cerca de
over,sobre
might,poderia
such,tal
place,"Lugar, colocar"
again,novamente
city,cidade
case,caso
most,a maioria
few,alguns
system,sistema
week,semana
where,Onde
company,companhia
each,cada
percent,por cento
hear,ouvir
so,assim
during,durante
question,pergunta
right,certo
program,programa
work,trabalhar
run,corre
number,número
small,pequena
government,governo
play,Toque
off,desligado
move,jogada
like,Curti
always,sempre
night,noite
believe,acreditam
today,hoje
hold,aguarde
point,ponto
live,viver
happen,acontecer
bring,trazer
next,próximo
without,sem
before,antes da
large,ampla
must,devo
all,tudo
war,guerra
home,casa
under,debaixo
room,quarto
fact,facto
area,área
national,nacional
write,Escreva
money,dinheiro
right,certo
story,história
water,agua
mother,mãe
different,diferente
young,jovem
month,mês
lot,muito
book,livro
eye,olho
study,estudar
job,trabalho
kind,Gentil
word,palavra
issue,questão
side,lado
four,quatro
business,o negócio
though,no entanto
head,cabeça
far,distante
long,grandes
black,Preto
million,milhão
both,Ambas
little,pequena
yes,sim
after,depois
since,desde
around,por aí
long,grandes
provide,providenciar
service,serviço
important,importante
sit,sentar
away,um jeito
friend,amigo
however,Contudo
power,potência
no,não
yet,ainda
father,pai
hour,hora
often,muitas vezes
until,até
political,político
line,linha
end,fim
stand,ficar
among,dentre
game,jogos
ever,sempre
lose,perder
bad,mau
member,membro
meet,encontrar
pay,pagar
law,lei
almost,quase
car,carro
later,mais tarde
much,Muito de
name,nome
include,incluir
five,cinco
center,Centro
once,uma vez
university,universidade
continue,Prosseguir
least,ao menos
real,real
white,branco
change,mudança
set,definir
several,de várias
ago,atrás
information,em formação
nothing,nada
community,comunidade
best,melhor
right,certo
idea,idéia
lead,conduzir
body,corpo
learn,aprender
kid,miúdo
minute,minuto
table,tabela
whether,se
understand,Compreendo
team,equipe
back,de volta
watch,ver
together,juntos
follow,Segue
around,por aí
only,só
stop,Pare
face,enfrentar
anything,nada
public,público
social,social
already,já
parent,pai
speak,falar
create,crio
office,escritório
allow,permitir
level,nível
read,ler
spend,gasta
person,pessoa
door,porta
sure,claro
add,adicionar
street,rua
such,tal
history,história
party,Festa
grow,crescer
reason,razão
morning,manhã
open,abrir
within,dentro de
change,mudança
although,Apesar
walk,andar
news,notícia
health,saúde
court,quadra
force,força
early,cedo
himself,ele mesmo
air,ar
low,baixo
before,antes da
art,arte
result,resultado
moment,momento
offer,oferta
both,Ambas
remember,lembrar
research,pesquisar
enough,o suficiente
girl,menina
boy,Garoto
win,ganhar
food,Comida
across,através
guy,cara
second,segundo
able,capaz
toward,na direção
maybe,pode ser
process,processo
off,desligado
everything,tudo
appear,aparecer
age,era
policy,política
consider,considerar
including,Incluindo
probably,provavelmente
education,Educação
love,amor
actually,na realidade
buy,Comprar
wait,esperar
die,morrer
human,humano
send,mandar
fee,taxa
expect,Espero
serve,servir
sense,senso
teacher,professora
home,casa
market,mercado
stay,fique
build,construir
nation,nação
fall,cair
oh,oh
death,morte
plan,plano
interest,interesse
someone,alguém
experience,experiência
cut,cortar
kill,matar
behind,atras do
reach,alcançar
six,seis
local,local
remain,permanecer
effect,efeito
suggest,sugerir
use,usar
control,ao controle
perhaps,talvez
raise,levantar
class,classe
late,tarde
little,pequena
major,formar-se
yeah,sim
else,senão
pass,passar
photo,foto
sell,vender
themselves,eles mesmos
field,campo
college,faculdade
sometimes,as vezes
former,antigo
development,desenvolvimento
require,exigir
along,ao longo
decide,decidir
security,segurança
up,acima
possible,possível
effort,esforço
role,Função
better,Melhor
rate,avaliar
strong,Forte
music,música
report,relatório
leader,líder
light,leve
whole,todo
voice,voz
color,cor
heart,coração
care,Cuidado
police,polícia
economic,econômico
wife,esposa
show,mostrar
mind,mente
report,relatório
finally,finalmente
drug,medicamento
less,menos
return,Retorna
according,de acordo com
pull,puxar
decision,decisão
explain,explique
carry,carregar
develop,desenvolve
view,Visão
free,gratuitamente
hope,ter esperança
even,até
drive,dirigir
son,filho
arm,braço
department,departamento
TRUE,VERDADE
price,preço
military,militares
federal,Federal
break,parar
action,ação
value,valor
thank,obrigado
relationship,relação
town,Cidade
better,Melhor
building,prédio
receive,receber
society,sociedade
difference,diferença
church,igreja
full,cheio
join,Junte
road,estrada
because,Porque
international,internacional
model,modelo
position,posição
tax,imposto
director,diretor
early,cedo
agree,aceita
matter,matéria
especially,especialmente
form,Formato
record,registro
special,especial
ground,chão
whose,de quem
hard,duro
pick,escolha
paper,papel
official,oficial
season,estação
wear,vestem
event,evento
support,"Apoio, suporte"
space,espaço
player,jogador
everyone,todos
couple,casal
end,fim
base,base
project,projeto
produce,produzir
site,local
situation,situação
hit,acertar
industry,indústria
half,metade
activity,atividade
American,americano
eat,comer
itself,em si
need,precisar
figure,figura
cost,custo
easy,fácil
quite,bastante
face,enfrentar
picture,foto
clear,Claro
cover,cobrir
describe,descrever
image,imagem
teach,Ensinar
wall,muro
doctor,médico
recent,recente
product,produtos
data,dados
practice,prática
phone,telefone
piece,peça
certain,certo
either,qualquer
oil,óleo
simply,simplesmente
test,teste
personal,pessoal
star,Estrela
land,terra
third,terceiro
general,em geral
computer,computador
movie,filme
worker,trabalhador
open,abrir
catch,truque
type,modelo
support,"Apoio, suporte"
north,norte
love,amor
step,degrau
attention,atenção
technology,tecnologia
organization,organização
baby,bebê
source,fonte
draw,empate
cause,causa
tree,árvore
film,filme
choose,escolher
evidence,evidência
Republican,Republicano
difficult,difícil
century,século
nearly,por pouco
red,vermelho
look,olhar
point,ponto
window,janela
park,parque
period,período
culture,cultura
hair,cabelo
listen,ouço
chance,chance
less,menos
available,acessível
brother,irmão
summer,verão
realize,entender
private,privado
no,não
science,Ciência
letter,carta
congress,Congresso
condition,doença
short,curto
likely,provável
opportunity,oportunidade
rule,regra
choice,escolha
single,solteiro
place,"Lugar, colocar"
patient,paciente
floor,piso
term,prazo
material,material
mile,milha
administration,administração
well,Nós vamos
course,curso
defense,defesa
plant,plantar
energy,energia
campaign,campanha
population,população
fire,incêndio
close,perto
daughter,filha
involve,envolver
husband,esposo
wrong,errado
certainly,certamente
increase,aumentar
future,futuro
south,sul
medical,médico
call,ligar
board,quadro
anyone,alguém
deal,acordo
hospital,hospital
rest,descanso
seek,procurar
myself,Eu mesmo
county,município
fight,lutar
subject,sujeito
risk,risco
order,ordem
west,Oeste
economy,economia
quickly,rapidamente
throw,lançar
bed,cama
officer,Policial
represent,representar
soon,em breve
top,topo
fill,encher
author,autor
past,passado
upon,sobre
goal,meta
behavior,comportamento
drop,derrubar
nature,natureza
agency,agência
plan,plano
recently,recentemente
second,segundo
store,armazenar
foreign,estrangeiro
current,atual
performance,atuação
bank,banco
sound,som
push,Empurre
focus,foco
reduce,reduzir
note,Nota
before,antes da
fine,multar
near,aproximar
than,do que
movement,movimento
common,comum
other,outro
billion,bilhão
blood,sangue
page,página
concern,interesse
poor,pobre
enter,digitar
share,compartilhar
each,cada
series,Series
usually,usualmente
natural,natural
hot,quente
race,corrida
language,Língua
river,rio
dead,morto
act,Aja
significant,significativo
no,não
response,resposta
rise,subir
decade,década
article,artigo
thus,portanto
seven,Sete
shoot,atirar
east,leste
animal,animal
away,um jeito
similar,semelhante
save,Salve 
factor,fator
central,central
occur,ocorrer
committee,Comitê
serious,sério
sport,esporte
lie,mentira
beyond,além
exactly,exatamente
despite,apesar de
happy,feliz
eight,oito
protect,proteger
list,Lista
size,Tamanho
quality,qualidade
pressure,pressão
accept,aceitar
ready,pronto
approach,abordagem
sign,sinal
attack,ataque
individual,Individual
career,carreira
answer,responda
dog,cão
media,meios de comunicação
thought,pensamento
whatever,qualquer que seja
determine,determinar
television,televisão
meeting,encontro
scene,cena
success,sucesso
prepare,preparar
identify,identificar
press,pressione
particularly,particularmente
resource,recurso
amount,quantia
argue,argumentar
recognize,reconhecer
treatment,tratamento
left,deixei
degree,grau
stock,estoque
indicate,indicar
growth,crescimento
simple,simples
ability,habilidade
dollar,dólar
union,União
disease,doença
everybody,todo o mundo
wonder,maravilha
election,eleição
loss,perda
box,caixa
deal,acordo
herself,ela própria
fund,fundo
miss,senhorita
pretty,bonito
region,região
feeling,sentimento
lay,colocar
training,Treinamento
message,mensagem
arrive,chegar
standard,padrão
outside,fora
fail,falhou
trade,troca
staff,funcionários
benefit,beneficiar
character,personagem
army,exército
association,Associação
operation,Operação
present,presente
crime,crime
name,nome
cup,copo
island,ilha
analysis,análise
check,Verifica
answer,responda
photograph,fotografia
glass,vidro
forward,frente
authority,autoridade
earth,terra
stage,palco
one,1
act,Aja
sort,ordenar
station,estação
clearly,claramente
little,pequena
compare,comparar
indeed,na verdade
public,público
knowledge,conhecimento
state,Estado
blue,azul
example,exemplo
strategy,estratégia
mountain,montanha
guess,acho
sister,irmã
force,força
gun,arma de fogo
various,vários
laugh,riso
environment,meio Ambiente
design,Projeto
sun,Sol
lawyer,advogado
sex,sexo
rather,em vez de
artist,artista
club,clube
prove,provar
section,seção
skill,habilidade
truth,verdade
set,definir
ok,OK
manager,Gerente
executive,executivo
district,distrito
claim,alegar
forget,esquecer
hang,pendurar
entire,inteira
leg,perna
enough,o suficiente
design,Projeto
close,perto
study,estudar
since,desde
environmental,de Meio Ambiente
establish,estabelecer
democratic,democrático
remove,remover
main,a Principal
professor,professor
financial,financeiro
enjoy,desfrutar
network,rede
sound,som
discuss,discutir
form,Formato
final,final
trial,tentativas
legal,jurídico
help,ajuda
cold,resfriado
above,acima de
rock,Rocha
that,este
seat,assento
weapon,arma
song,música
expert,especialista
radio,rádio
nice,legais
avoid,evitar
memory,memória
management,gestão
charge,carregar
spring,primavera
card,cartão
maintain,manter
theory,teoria
care,Cuidado
visit,Visita
imagine,Imagine
finish,Finalizar
statement,declaração
firm,empresa
huge,enorme
respond,responder
popular,popular
hard,duro
physical,fisica
talk,conversa
traditional,tradicional
contain,conter
peace,Paz
green,verde
thanks,obrigado
control,ao controle
Democrat,Democrata
base,base
impact,impacto
structure,estrutura
tonight,esta noite
note,Nota
direction,direção
fly,voe
onto,para
king,rei
reveal,revelar
cell,célula
religious,religioso
ball,bola
particular,especial
employee,empregado
head,cabeça
suddenly,De repente
apply,Aplique
shake,sacudir
cultural,cultural
chair,cadeira
PM,PM
justice,justiça
discover,descobrir
measure,a medida
politics,política
manage,gerir
treat,tratar
yourself,você mesma
pain,dor
evening,tarde
rather,em vez de
unit,unidade
affect,afetar
play,Toque
production,Produção
bit,pedaço
inside,lado de dentro
far,distante
range,variar
top,topo
worry,preocupar
perform,executar
necessary,necessário
conference,conferência
individual,Individual
candidate,candidato
museum,museu
specific,específico
best,melhor
throughout,por todo
hall,corredor
past,passado
fish,peixe
trip,viagem
mention,menção
edge,borda
trouble,problema
interview,entrevista
style,estilo
middle,meio
cause,causa
ten,dez
weight,peso
adult,adulto
dream,Sonhe
fear,temer
dark,Sombrio
sign,sinal
method,método
somebody,alguém
magazine,revista
reflect,refletir
heavy,pesado
soldier,soldado
property,propriedade
beautiful,lindo
writer,escritor
stuff,material
camera,Câmera
improve,melhorar
shoulder,ombro
bar,bar
hotel,hotel
instead,em vez de
hill,colina
exist,existir
sea,mar
institution,instituição
purpose,propósito
pattern,padronizar
detail,detalhe
machine,máquina
challenge,desafio
owner,proprietário
agent,agente
tough,difícil
ahead,à frente
generation,geração
commercial,comercial
whom,o qual
fall,cair
down,baixa
surface,superfície
budget,orçamento
senator,senador
bag,sacola
reality,realidade
editor,editor
tend,tratar
address,Morada
civil,Civil
step,degrau
discussion,discussão
test,teste
mom,mamãe
violence,violência
total,total
skin,pele
heat,aquecer
council,conselho
notice,perceber
beat,bater
nor,nem
modern,moderno
vote,voto
sing,canta
cancer,Câncer
finger,dedo
lake,lago
wish,desejar
marriage,casado
victim,vítima
task,tarefa
yard,Jardim
kitchen,cozinha
item,item
responsibility,responsabilidade
mouth,boca
agreement,acordo
attorney,advogado
capital,capital
threat,ameaça
smile,sorriso
gas,gás
instead,em vez de
positive,positivo
track,acompanhar
investment,investimento
account,conta
break,parar
rich,rico
citizen,cidadão
audience,público
lady,senhora
dinner,jantar
western,ocidental
debate,debate
consumer,consumidor
majority,maioria
interesting,interessante
prevent,evita
travel,viagem
born,nascido
relate,relacionar
assume,presumir
none,Nenhum
admit,Admitem
front,frente
figure,figura
coach,treinador
partner,parceiro
shot,tomada
scientist,cientista
senior,Senior
suffer,Sofra
alone,sozinho
collection,coleção
successful,bem sucedido
speech,Fala
eventually,eventualmente
key,chave
mission,missão
score,pontuação
newspaper,jornal
wind,vento
reform,reforma
concerned,preocupado
professional,profissional
relation,relação
troops,tropas
garden,jardim
access,Acesso
publish,publicar
recall,lembrar
Soviet,Soviético
cost,custo
southern,sulista
senate,senado
opinion,opinião
option,opção
judge,juiz
original,original
customer,cliente
critical,crítico
corner,canto
basic,básico
income,renda
directly,diretamente
own,ter
release,liberar
restaurant,restaurante
neighborhood,vizinhança
effective,eficaz
labor,trabalho
nobody,ninguém
stare,olhar fixamente
immediately,imediatamente
achieve,alcançar
forest,floresta
dad,Papai
hurt,ferir
video,vídeo
strike,ataque
safety,segurança
absolutely,absolutamente
therefore,Portanto
freedom,liberdade
version,versão
like,Curti
plane,avião
attitude,atitude
sexual,sexual
refer,referir
fresh,fresco
involved,envolvido
powerful,poderoso
bird,pássaro
touch,toque
variety,variedade
deep,profundo
text,texto
wide,largo
credit,crédito
nine,nove
sleep,dorme
investigation,investigação
hope,ter esperança
announce,anunciar
by,por
completely,completamente
vote,voto
conduct,conduta
conflict,conflito
replace,substituir
attend,participar
participant,participante
argument,argumento
object,objeto
please,por favor
nuclear,nuclear
sky,céu
along,ao longo
afternoon,tarde
hundred,centenas
encourage,encorajar
perfect,perfeito
possibility,possibilidade
turn,virar
British,Britânico
once,uma vez
examine,examinar
conversation,conversação
generally,geralmente
beginning,começo
secretary,secretário
experience,experiência
beach,de praia
safe,seguro
spirit,espírito
weekend,fim de semana
date,encontro
define,definir
feature,característica
global,global
very,muito
element,elemento
attempt,tentar
slowly,devagar
governor,governador
through,Através dos
concept,conceito
sorry,desculpe
easily,facilmente
battle,batalha
league,liga
camp,acampamento
introduce,introduzir
status,status
insurance,seguro
complete,completo
stick,grudar
solution,solução
web,rede
vision,visão
stone,pedra
lack,falta
driver,condutor
normal,normal
truck,caminhão
minister,ministro
handle,lidar com
hole,buraco
front,frente
fan,fã
spot,ver
crisis,crise
supposed,suposto
refuse,recusar
drink,beber
researcher,investigador
tradition,tradição
communication,comunicação
distance,distância
ship,navio
gain,ganho
express,expressar
independent,independente
ice,gelo
scale,escala
brain,cérebro
winter,inverno
commission,comissão
wood,madeira
increase,aumentar
return,Retorna
division,divisão
species,espécies
AM,SOU
roll,lista
hide,ocultar
middle,meio
client,cliente
resident,residente
contract,contrato
gold,ouro
future,futuro
potential,potencial
presence,presença
institute,instituto
screen,tela
run,corre
Chinese,chinês
horse,cavalo
European,europeu
target,alvo
willing,disposto
survey,pesquisa
interested,interessado
chief,chefe
crowd,multidão
prison,prisão
terms,termos
obviously,obviamente
basis,base
apartment,apartamento
farm,Fazenda
flight,voar
shape,forma
demand,exigem
strength,força
village,Vila
operate,operar
reporter,repórter
share,compartilhar
guard,guarda
observe,observar
deliver,entregar
count,contar
inside,lado de dentro
advantage,vantagem
wild,selvagem
previous,anterior
average,média
emerge,emerge
contribute,contribuir
leadership,Liderança
boat,barco
facility,instalação
present,presente
earn,ganhar
highly,altamente
vehicle,veículo
pound,libra
tiny,minúsculo
understanding,compreensão
settle,resolver
unless,a não ser que
tomorrow,amanhã
foundation,Fundação
quick,rápido
block,quadra
light,leve
reader,leitor
collect,coletar
guest,convidado
living,vivo
tool,ferramenta
protection,proteção
fair,feira
additional,adicional
promote,promover
equipment,equipamento
mostly,majoritariamente
order,ordem
painting,quadro
feed,alimentação
principle,princípio
bowl,tigela
claim,alegar
technique,técnica
limit,limite
identity,identidade
title,título
critic,crítico
survive,sobreviver
cry,choro
border,fronteira
lift,levantar
path,caminho
aspect,aspecto
marry,casar
shop,fazer compras
failure,falha
ride,passeio
responsible,responsável
gather,reunir
jump,pular
sample,amostra
affair,caso
result,resultado
worth,que vale a pena
fit,em forma
chairman,presidente
until,até
lesson,lição
Christmas,Natal
insist,insistir
anybody,qualquer pessoa
folk,folk
band,banda
ear,orelha
procedure,procedimento
associate,associado
inch,polegada
warm,caloroso
African,africano
French,Francês
baseball,beisebol
demonstrate,demonstrar
foot,pé
Christian,cristão
approach,abordagem
competition,concorrência
measure,a medida
afraid,com medo
spread,espalhar
ignore,ignorar
soft,suave
annual,anual
wonderful,Maravilhoso
threaten,ameaçar
commit,comprometer-se
deny,negar
intelligence,inteligência
regular,regular
influence,influência
general,em geral
past,passado
reaction,reação
cross,Cruz
master,mestre
suit,Traje
blow,golpe
destroy,destruir
gift,Presente
coffee,café
anyway,de qualquer forma
belief,crença
comment,Comente
apparently,aparentemente
twice,duas vezes
background,fundo
quarter,trimestre
review,Reveja
faith,fé
move,jogada
speed,Rapidez
engage,se empenhar
broad,largo
perspective,perspectiva
slightly,um pouco
growing,crescendo
view,Visão
function,função
construction,construção
egg,ovo
charge,carregar
wave,aceno
female,fêmea
murder,assassinato
tape,fita
burn,queimar
means,significa
aware,consciente
mistake,erro
quiet,tranquilo
connection,conexão
shoe,sapato
clothes,roupas
promise,promessa
religion,religião
complete,completo
united,Unidos
context,contexto
active,ativo
focus,foco
youth,juventude
location,localização
neighbor,vizinho
dress,vestir
Internet,Internet
category,categoria
dangerous,perigoso
extend,ampliar
combine,combinar
demand,exigem
coast,costa
relatively,relativamente
smile,sorriso
bus,ônibus
hey,Ei
chief,chefe
following,Segue
depend,depender
key,chave
hell,inferno
visit,Visita
bone,osso
cook,cozinheiro
fire,incêndio
direct,direto
native,nativo
cool,legal
cut,cortar
remind,lembrar
historical,histórico
moral,moral
voter,eleitor
appropriate,apropriado
famous,famoso
hire,contratar
victory,vitória
contact,contato
fully,totalmente
negative,negativo
medicine,medicamento
participate,participar
grade,avaliar
eastern,Oriental
supply,fornecer
yesterday,ontem
familiar,familiar
democracy,democracia
pair,par
drive,dirigir
healthy,saudável
front,frente
tie,gravata
birth,nascimento
progress,progresso
damage,dano
exchange,intercâmbio
bottom,fundo
daily,diário
next,próximo
document,documento
grand,grande
journal,Diário
knee,joelho
primary,Primário
otherwise,por outro lado
train,Comboio
grab,agarrar
circle,círculo
lean,magro
wine,vinho
minority,minoria
flower,flor
device,dispositivo
Iraqi,iraquiano
plate,prato
attack,ataque
clean,limpar
alive,vivo
actor,ator
hate,odiar
expression,expressão
below,abaixo de
bright,brilhante
press,pressione
tour,Tour
finding,encontrando
exercise,exercício
plastic,plástico
danger,perigo
neck,pescoço
valley,vale
academic,acadêmico
start,começar
application,inscrição
intend,pretende
male,macho
tall,alta
shut,fechar
lots,grande quantidade
Indian,indiano
respect,respeito
colleague,colega
writing,escrita
rain,chuva
fast,velozes
football,futebol
welcome,Bem-vindo
domestic,doméstico
pool,piscina
literature,literatura
extra,extra
northern,norte
desire,desejo
direct,direto
fight,lutar
corporate,corporativo
session,sessão
supreme,supremo
studio,estúdio
Russian,russo
nod,aceno com a cabeça
learning,Aprendendo
climb,escalar
importance,importância
somewhere,em algum lugar
expand,expandir
fourth,quarto
dry,seco
disappear,desaparecer
abuse,Abuso
chicken,frango
obtain,obtivermos
map,mapa
carefully,com cuidado
close,perto
increasingly,cada vez mais
greatest,o melhor
complex,complexo
metal,metal
lead,conduzir
above,acima de
jury,júri
sweet,doce
proposal,proposta
impossible,impossível
scientific,científico
ticket,bilhete
leaf,folha
classroom,Sala de aula
surround,cercada
lunch,almoço
alone,sozinho
meaning,significado
injury,prejuízo
invite,convidar
enemy,inimigo
repeat,repetir
bear,urso
lip,lábio
mayor,prefeito
award,prêmio
attempt,tentar
commitment,compromisso
consequence,consequência
instruction,instrução
surprise,surpresa
poll,votação
favorite,favorito
explore,explorar
predict,prever
adopt,adotar
sight,visão
storm,tempestade
half,metade
assessment,avaliação
weather,tempo
pocket,bolso
aid,ajuda
reading,leitura
thin,fino
soul,alma
strange,estranho
married,casado
organize,organizar
conclusion,conclusão
fuel,combustível
urban,urbano
belong,pertencer
salt,sal
farmer,agricultor
straight,direto
advice,adendo
cover,cobrir
balance,Saldo
temperature,temperatura
empty,vazio
conclude,concluir
somehow,de alguma forma
presidential,presidencial
limit,limite
prime,melhor
breast,seios
desk,mesa
record,registro
breath,respiração
theater,teatro
under,debaixo
acknowledge,reconhecer
theme,tema
fat,gordo
software,Programas
sugar,açúcar
educational,educacional
thousand,mil
code,código
fear,temer
connect,conectar
yellow,amarelo
instrument,instrumento
Japanese,japonês
panel,painel
library,biblioteca
expensive,caro
emotional,emocional
engine,motor
propose,propor
mental,mental
difficulty,dificuldade
train,Comboio
brown,Castanho
basically,basicamente
last,último
average,média
ring,anel
mark,marca
locate,localizar
search,procurar
largely,largamente
possibly,possivelmente
anymore,não mais
generate,gerar
regional,regional
obvious,óbvio
angry,Bravo
analyst,analista
accident,acidente
trend,tendência
like,Curti
appearance,aparência
currently,atualmente
shadow,sombra
being,ser
moon,lua
bridge,ponte
but,mas
recommend,recomendar
hearing,audição
fruit,fruta
dance,dança
shift,mudança
comfortable,confortável
struggle,luta
revenue,receita
notion,noção
okay,ok
package,pacote
ought,deveria
traffic,tráfego
internal,interno
prefer,preferir
crew,equipe técnica
search,procurar
profit,lucro
regulation,regulamento
link,link
thinking,pensamento
hardly,dificilmente
airport,aeroporto
human,humano
extremely,extremamente
sick,doente
capture,capturar
unique,único
actual,real
chest,peito
meal,refeição
beauty,beleza
extent,extensão
defend,defender
visitor,Visitante
outside,fora
judge,juiz
dozen,dúzia
declare,declarar
emergency,emergência
ad,de Anúncios
truly,verdadeiramente
planet,planeta
select,Selecione
ethnic,étnico
nose,nariz
loan,empréstimo
cash,dinheiro
contribution,contribuição
slow,lento
contrast,contraste
bottle,garrafa
launch,lançar
novel,novela
feature,característica
duty,dever
root,raiz
content,contente
component,componente
appreciate,apreciar
circumstance,circunstância
teaching,ensino
paint,pintar
matter,matéria
thick,espesso
cat,gato
neither,nenhum
standard,padrão
ourselves,nós mesmos
correct,correto
warn,avisar
capacity,capacidade
challenge,desafio
convention,convenção
politician,político
pursue,perseguir
setting,contexto
zone,zona
dress,vestir
pilot,piloto
ensure,garantir
ultimately,em última análise
male,macho
wake,acordar
shirt,camisa
influence,influência
guide,guia
AIDS,AUXILIA
mix,misturar
slip,escorregar
steal,roubar
late,tarde
frequently,freqüentemente
blame,culpa
sheet,Folha
estimate,estimativa
relief,alívio
combination,combinação
investor,investidor
due,vencimento
silence,silêncio
manner,maneiras
muscle,músculo
branch,ramo
chain,corrente
long,grandes
telephone,Telefone
investigate,investigar
German,Alemão
percentage,percentagem
outcome,resultado
estate,Estado
forth,adiante
stress,estresse
equal,igual
English,Inglês
welfare,bem-estar
typical,típica
crazy,louco
except,exceto
funny,engraçado
meat,eu no
appeal,apelo
long-term,longo prazo
official,oficial
eliminate,eliminar
used,usado
motion,movimento
complain,reclamar
row,fileira
Jewish,judaico
kick,chute
snow,neve
producer,produtor
solve,resolver
just,apenas
issue,questão
opposition,oposição
basketball,basquetebol
rely,confiar
conservative,conservador
trust,Confiar em
back,de volta
address,Morada
mirror,espelho
tank,tanque
range,variar
significantly,significativamente
somewhat,um pouco
attract,atrai
anywhere,qualquer lugar
regime,regime
fix,fixar
entirely,inteiramente
afford,proporcionar
length,comprimento
secret,segredo
pleasure,prazer
file,Arquivo
tooth,dente
confirm,confirme
separate,separado
golden,dourado
photograph,fotografia
meanwhile,Enquanto isso
except,exceto
now,agora
channel,canal
bedroom,quarto
requirement,requerimento
ancient,antigo
coverage,cobertura
trail,trilha
bear,urso
host,hospedeiro
his,seu
check,Verifica
stand,ficar
surgery,cirurgia
perception,percepção
rare,cru
struggle,luta
era,era
grant,conceder
file,Arquivo
ocean,oceano
seriously,a sério
clear,Claro
confidence,confiança
aside,"a parte, de lado"
tear,rasgar
judgment,julgamento
industrial,industrial
expectation,expectativa
resolution,resolução
copy,cópia de
wing,asa
doubt,dúvida
fun,Diversão
totally,totalmente
pour,derramar
gender,Gênero sexual
surprised,surpreso
beer,Cerveja
clean,limpar
score,pontuação
bond,ligação
plus,mais
debt,dívida
smart,inteligente
English,Inglês
terrible,Terrível
witness,testemunha
reference,referência
account,conta
separate,separado
mean,significa
vice,vício
black,Preto
rest,descanso
hero,herói
bomb,bombear
below,abaixo de
rating,Avaliação
busy,ocupado
cite,citar
corporation,corporação
representative,representante
everywhere,em toda parte
soil,solo
highway,autoestrada
frame,quadro
stretch,esticar
oppose,opor
Catholic,católico
cloud,nuvem
initial,inicial
variable,variável
essential,essencial
travel,viagem
improvement,melhoria
opening,abertura
necessarily,necessariamente
nurse,enfermeira
incident,incidente
abortion,aborto
divide,dividir
aim,mirar
tired,cansado
careful,cuidadoso
question,pergunta
cheap,barato
beside,ao lado
apart,separado
criminal,Criminoso
employ,empregar
rush,correr
user,do utilizador
upper,superior
winner,vencedora
fashion,moda
tip,gorjeta
apple,maçã
rise,subir
vast,grande
specifically,especificamente
limited,limitado
enormous,enorme
holiday,feriado
e-mail,o email
emphasize,enfatizar
merely,apenas
dance,dança
core,essencial
match,Combine
landscape,paisagem
overall,No geral
golf,golfe
lack,falta
virtually,virtualmente
route,rota
flow,fluxo
fewer,menos
cable,cabo
gate,portão
tie,gravata
proud,orgulhoso
promise,promessa
dish,prato
beneath,abaixo
increased,aumentou
succeed,ter sucesso
barely,por muito pouco
narrow,estreito
solid,sólido
contemporary,contemporâneo
accuse,acusar
unfortunately,infelizmente
useful,útil
noise,ruído
expose,expor
mass,massa
multiple,múltiplo
vegetable,vegetal
seed,semente
reject,rejeitar
decline,declínio
experiment,experimentar
legislation,legislação
hat,chapéu
either,qualquer
secret,segredo
massive,enorme
grass,Relva
definitely,definitivamente
closer,mais próximo
liberal,liberal
stir,mexer
captain,capitão
revolution,revolução
typically,tipicamente
sector,setor
hand,mão
approve,aprovar
uncle,tio
volume,volume
explanation,explicação
sentence,frase
escape,escapar
unusual,incomum
distribution,distribuição
rural,rural
cast,elenco
drink,beber
sleep,dorme
household,doméstico
celebrate,comemoro
taste,gosto
characteristic,característica
outside,fora
addition,Adição
acquire,adquirir
closely,de perto
proper,apropriado
tone,tom
topic,tema
towards,em direção
waste,desperdício
wheel,roda
athlete,atleta
convince,convencer
alternative,alternativo
pepper,pimenta
cream,creme
land,terra
technical,técnico
square,quadrado
plenty,bastante
behind,atras do
invest,investir
mind,mente
potential,potencial
regard,que diz respeito
intervention,intervenção
illegal,ilegal
lower,mais baixo
compete,competir
talent,talento
guilty,culpado
living,vivo
milk,leite
height,altura
list,Lista
live,viver
assistance,assistência
personality,personalidade
Israeli,israelense
gay,gay
forever,para todo sempre
assess,avaliar
weak,fraco
female,fêmea
cigarette,cigarro
permit,permitir
passenger,passageiro
criticism,crítica
twenty,vinte
honor,honra
creative,criativo
offer,oferta
knock,bater
display,exibição
campus,campus
definition,definição
gray,cinzento
signal,sinal
warning,aviso
physician,médico
column,coluna
interaction,interação
dramatic,dramático
review,Reveja
republic,república
primarily,principalmente
priority,prioridade
achievement,conquista
fun,Diversão
request,solicitar
wrap,enrolar
engineer,engenheiro
rice,arroz
scholar,estudioso
airline,CIA aérea
expense,despesa
observation,observação
gap,Gap = Vão
agenda,agenda
creation,criação
drag,arrastar
suspect,suspeito
fishing,pescaria
bread,pão
hi,Oi
unable,impossível
scream,gritar
journalist,jornalista
constitution,constituição
lucky,afortunado
excellent,excelente
mass,massa
payment,Forma de pagamento
deep,profundo
selection,seleção
lab,laboratório
arrest,prender prisão
deeply,profundamente
sad,triste
childhood,infância
suppose,suponha
fairly,com justiça
prosecutor,promotor
violent,violento
recover,recuperar
roof,cobertura
amendment,alteração
emotion,emoção
existing,existir
far,distante
graduate,diplomado
factory,fábrica
schedule,cronograma
avenue,Avenida
spiritual,espiritual
ride,passeio
wash,lavagem
planning,planejamento
self,auto
later,mais tarde
shout,gritar
silent,silencioso
brief,apresentação
error,erro
widely,largamente
description,Descrição
dark,Sombrio
immediate,imediato
purchase,comprar
leading,conduzindo
funding,financiamento
settlement,povoado
prayer,oração
initiative,iniciativa
coalition,aliança
comparison,comparação
portion,parte
opponent,oponente
tension,tensão
chapter,capítulo
bother,irmão
curriculum,currículo
consist,consiste
immigrant,imigrante
enable,permitir
faculty,Faculdade
steel,aço
desert,deserto
asset,de ativos
slow,lento
housing,habitação
transform,transformar
regarding,em relação a
perceive,perceber
depression,depressão
inform,informar
formal,formal
abandon,abandono
release,liberar
chip,lasca
double,em dobro
remaining,remanescente
existence,existência
cheese,queijo
link,link
joint,articulação
savings,poupança
rule,regra
preserve,preservar
diet,dieta
territory,território
tea,chá
bend,dobrar
gain,ganho
arrange,arranjo
resolve,resolver
walk,andar
passage,passagem
lock,trancar
tear,rasgar
resistance,resistência
present,presente
stream,fluxo
slide,deslizar
green,verde
sharp,afiado
display,exibição
cycle,ciclo
pose,pose
phase,Estágio
transition,transição
reduction,redução
negotiation,negociação
manufacturer,fabricante
interview,entrevista
quote,citar
deserve,merecer
trust,Confiar em
sale,oferta
layer,camada
wedding,Casamento
discovery,descoberta
mine,minha
academy,Academia
sand,areia
hit,acertar
missile,míssil
elect,eleger
climate,clima
participation,participação
knife,faca
benefit,beneficiar
atmosphere,atmosfera
joke,Piada
urge,impulso
ordinary,comum
visual,visual
numerous,numeroso
occasion,ocasião
philosophy,filosofia
suicide,suicídio
shall,deve
glad,alegre
goods,bens
moreover,além disso
coat,casaco
consistent,consistente
alcohol,álcool
opposite,oposto
cop,policial
universe,universo
breathe,respirar
practical,prático
therapy,terapia
shift,mudança
racial,racial
elsewhere,em outro lugar
rarely,raramente
essentially,essencialmente
discipline,disciplina
reply,responder
Mexican,mexicano
passion,paixão
tale,conto
dust,pó
kiss,beijo
iron,ferro
independence,independência
contact,contato
Spanish,Espanhol
advance,avançar
pot,Panela
potato,batata
motor,motor
pack,pacote
dominate,dominar
marketing,marketing
disaster,desastre
exposure,exposição
complaint,reclamação
cap,boné
congressional,Congresso
jacket,jaqueta
intense,intenso
touch,toque
for,por
impose,impor
electric,elétrico
implement,implemento
enforcement,execução
analyze,analisar
sure,claro
retire,se aposentar
deficit,déficit
emphasis,ênfase
concentrate,concentrado
accomplish,concluir
previously,anteriormente
symbol,símbolo
bureau,escritório
laboratory,laboratório
attach,anexar
fundamental,fundamental
whenever,em qualquer momento
arrangement,arranjo
investigator,investigador
mark,marca
another,outro
shock,choque
adjust,ajustar
employer,Empregador
visible,visível
pass,passar
priest,padre
volunteer,voluntário
interpretation,interpretação
entertainment,entretenimento
habit,hábito
illustrate,ilustrar
equally,igualmente
prospect,Prospect
enhance,realçar
severe,forte
other,outro
monitor,monitor
amazing,incrível
poverty,pobreza
increasing,aumentando
boss,chefe
inspire,inspirar
anger,raiva
heavily,pesadamente
parking,estacionamento
print,imprimir
maker,criador
involvement,envolvimento
queen,rainha
gene,gene
vary,variar
approximately,aproximadamente
gallery,galeria
evaluate,Avalie
fat,gordo
trade,troca
transfer,transferir
exercise,exercício
usual,usual
mystery,mistério
entry,entrada
ring,anel
mood,humor
bean,feijão
still,ainda
objective,objetivo
capable,capaz
constant,constante
light,leve
substance,substância
total,total
strongly,fortemente
exception,exceção
commander,comandante
spending,gastar
crucial,crucial
acre,Acre
wire,arame
command,comando
nervous,nervoso
cross,Cruz
so-called,assim chamado
competitive,competitivo
Asian,Asiático
tower,torre
veteran,veterano
creature,criatura
smoke,fumaça
Arab,árabe
prince,Principe
alliance,aliança
transportation,transporte
stop,Pare
luck,sorte
symptom,sintoma
bury,enterrar
clinic,consultório
illness,doença
championship,campeonato
prisoner,prisioneiro
reputation,reputação
edition,edição
juice,suco
sauce,molho
peak,pico
confront,enfrentar
breakfast,café da manhã
recognition,reconhecimento
smell,cheiro
ally,aliado
pure,puro
toy,brinquedo
salary,salário
electronic,eletrônico
bathroom,banheiro
surely,certamente
psychological,psicológico
evaluation,avaliação
dimension,dimensão
block,quadra
race,corrida
personnel,pessoal
belt,cinto
accompany,acompanhar
implication,implicação
album,álbum
perfectly,perfeitamente
strike,ataque
jet,jato
hello,olá
shape,forma
relative,relativo
tourist,turista
phenomenon,fenômeno
fellow,companheiro
toss,sorteio
publication,publicação
nearby,próximo
consideration,consideração
rather,em vez de
holy,piedosos
enterprise,empreendimento
due,vencimento
inner,interno
watch,ver
Indian,indiano
pray,rezar
creek,Riacho
supply,fornecer
boot,bota
whisper,sussurrar
resist,resistir
journey,jornada
flag,bandeira
disorder,transtorno
designer,Designer
literally,literalmente
apparent,aparente
permanent,permanente
angle,ângulo
smooth,suave
unlike,diferente
tablespoon,colher de sopa
smoke,fumaça
consultant,consultor
twin,gêmeo
favor,Favor
throat,garganta
construct,construir
birthday,aniversário
soon,em breve
swing,balanço
supporter,apoiador
testing,teste
reasonable,razoável
mail,correspondência
silver,prata
retirement,aposentadoria
sensitive,confidencial
gentleman,cavalheiro
navy,marinha
terrorism,terrorismo
occasionally,ocasionalmente
glance,olhar
observer,observador
constantly,constantemente
bind,ligar
wet,molhado
line,linha
dig,escavação
quit,Sair
digital,digital
straight,direto
vs,vs.
assist,assistência
employment,emprego
suggestion,sugestão
rapidly,rapidamente
estimate,estimativa
embrace,abraçar
junior,júnior
stomach,estômago
extreme,extremo
pretty,bonito
mine,minha
recovery,recuperação
negotiate,negociar
impression,impressão
wage,remuneração
fifth,quinto
FALSE,FALSO
count,contar
pink,rosa
absence,ausência
aggressive,agressivo
corn,milho
mixture,mistura
substantial,substancial
grandmother,avó
quietly,silenciosamente
jail,cadeia
specialist,especialista
dealer,distribuidor
poem,poema
butter,manteiga
conventional,convencional
pace,ritmo
intention,intenção
peer,par
restore,restaurar
wooden,de madeira
criticize,criticar
nevertheless,mesmo assim
approval,aprovação
historic,histórico
secure,seguro
preparation,preparação
Latin,Latim
lord,senhor
teaspoon,colher de chá
musical,musical
weigh,pesar
comment,Comente
pan,frigideira
assure,assegurar
viewer,espectador
arise,surgir
administrator,administrador
immigration,imigração
plant,plantar
honest,honesto
origin,origem
giant,gigante
diversity,diversidade
tomato,tomate
advise,conselho
biological,biológico
shell,Concha
essay,ensaio
roll,lista
historian,historiador
deputy,deputado
date,encontro
effectively,efetivamente
fast,velozes
schedule,cronograma
buck,bode
tube,tubo
refugee,refugiado
depth,profundidade
flat,apartamento
precisely,precisamente
mad,louco
alternative,alternativo
disability,incapacidade
destruction,destruição
dream,Sonhe
drop,derrubar
assumption,suposição
normally,normalmente
angel,anjo
pop,pop
criteria,critério
minor,menor
crop,colheita
barrier,barreira
assign,atribuir
elementary,elementar
valuable,de valor
testimony,testemunho
stake,estaca
concert,show
label,etiqueta
routine,rotina
wealth,fortuna
professional,profissional
gang,gangue
incorporate,incorporar
brand,marca
recipe,receita
vacation,período de férias
utility,Utilitário
satellite,satélite
extraordinary,extraordinário
wave,aceno
ultimate,final
chemical,químico
advocate,advogado
wonder,maravilha
educator,educador
cake,bolo
phrase,frase
yell,gritar
personally,pessoalmente
respondent,respondente
Palestinian,palestino
classic,clássico
snap,foto
via,através da
lawsuit,processo
install,instalar
sweep,varrer
festival,festival
draft,rascunho
heaven,paraíso
switch,trocar
activist,ativista
ceiling,teto
clock,relógio
graduate,diplomado
aunt,tia
darkness,Trevas
daddy,papai
royal,real
advertising,publicidade
rough,rude
pregnant,grávida
penalty,pena
distant,distante
developing,em desenvolvimento
yield,colheita
wind,vento
armed,armado
mechanism,mecanismo
rank,classificação
killer,assassino
fence,cerca
ahead,à frente
universal,universal
terror,terror
wolf,lobo
house,lar
anxiety,ansiedade
chemical,químico
found,encontrado
protein,proteína
engineering,Engenharia
clothing,confecções
proceed,Continuar
fiber,fibra
react,reagir
bottom,fundo
spin,rodar
roughly,aproximadamente
drama,drama
liberty,liberdade
ingredient,ingrediente
hip,quadril
provision,provisão
burden,fardo
teen,adolescente
survival,sobrevivência
unlikely,improvável
Italian,italiano
chamber,câmara
lost,perdido
communicate,comunicar
stupid,estúpido
bet,aposta
advance,avançar
Muslim,muçulmano
bell,Sino
onion,cebola
disagree,discordar
encounter,encontro
constitutional,constitucional
cabinet,gabinete
remarkable,notável
broken,quebrado
latter,último
overcome,superar
virus,vírus
stranger,desconhecido
retain,reter
match,Combine
prize,prêmio
string,corda
exhibition,exibição
expansion,expansão
tremendous,tremendo
bunch,monte
assistant,assistente
initially,inicialmente
accurate,exato
cheek,bochecha
index,índice
occupy,ocupar
gear,engrenagem
guarantee,garantia
chocolate,chocolate
ceremony,cerimônia
button,botão
shopping,Shopping
pay,pagar
dispute,disputa
like,Curti
furniture,mobiliário
marine,marinho
statistics,Estatisticas
Olympic,olímpico
balance,Saldo
wipe,limpar
spokesman,porta -voz
super,super
Islamic,islâmico
track,acompanhar
translate,traduzir
interpret,interpretar
testify,testemunhe
cooperation,cooperação
friendly,amigáveis
profile,perfil
pants,calça
whereas,enquanto
honor,honra
elite,elite
decline,declínio
port,porta
complicated,complicado
cousin,prima
strategic,estratégico
terrorist,terrorista
chart,gráfico
drawing,desenho
though,no entanto
gently,suavemente
pack,pacote
odd,ímpar
incentive,incentivo
innocent,inocente
imply,implicar
taste,gosto
stadium,estádio
scenario,cenário
shooting,filmagem
blind,cego
assembly,conjunto
withdraw,retirar o
strip,faixa
market,mercado
lover,amante
process,processo
mainly,principalmente
aircraft,Aeronave
newly,recentemente
ideal,ideal
dirt,sujeira
flow,fluxo
boundary,fronteira
resort,recorrer
genetic,genético
stick,grudar
concentration,concentração
naturally,naturalmente
ministry,ministério
surprising,surpreendente
adviser,conselheiro
recommendation,recomendação
similarly,similarmente
justify,justificar
wildlife,animais selvagens
bench,banco de sentar
bullet,bala
mode,modo
square,quadrado
champion,campeão
dismiss,dispensar
deck,área coberta
lifetime,vida
extensive,extenso
attractive,atraente
politically,politicamente
regularly,regularmente
raw,cru
fault,culpa
clinical,clínico
detect,detectar
considerable,considerável
working,trabalhando
partly,parcialmente
platform,plataforma
remote,controlo remoto
blue,azul
respect,respeito
top,topo
fortune,fortuna
slave,escravo
delivery,Entrega
worth,que vale a pena
reflection,reflexão
relevant,relevante
unknown,desconhecido
pause,pausa
likely,provável
tissue,tecido
sink,afundar
counter,contador
Bible,Bíblia
license,licença
tragedy,tragédia
assistant,assistente
dialogue,diálogo
mutual,mútuo
loose,solto
external,externo
pride,orgulho
awareness,conhecimento
electricity,eletricidade
diverse,diversificado
advanced,Avançado
free,gratuitamente
faster,mais rápido
conservative,conservador
online,conectados
assault,assalto
shortly,Em breve
finance,finança
originally,originalmente
founder,fundador
lie,mentira
characterize,caracterizar
protest,protesto
pole,pólo
intellectual,intelectual
communist,comunista
infection,infecção
controversy,controvérsia
double,em dobro
freeze,congelar
portrait,retrato
proof,prova
satisfaction,satisfação
insight,entendimento
headquarters,quartel general
stair,escada
crash,batida
constitute,constituir
thirty,trinta
alter,alterar
sudden,repentino
not,não
potentially,potencialmente
dirty,sujo
evolve,evoluir
teenager,adolescente
violation,violação
joy,alegria
smell,cheiro
possess,possuir
hurricane,furacão
offense,ofensa
relax,relaxar
appeal,apelo
mount,montar
treaty,tratado
prior,anterior
memorial,memorial
establishment,estabelecimento
hold,aguarde
tap,toque
swim,nadar
properly,devidamente
gulf,golfo
tongue,língua
salad,salada
practice,prática
favorite,favorito
shelter,abrigo
correspondent,correspondente
introduction,introdução
funeral,funeral
literary,literário
convert,converter
violate,violar
rub,esfregar
entrance,Entrada
episode,episódio
tournament,torneio
vital,vital
stable,estábulo
split,dividir
representation,representação
stress,estresse
fiction,ficção
lane,faixa
distinction,distinção
segment,segmento
transfer,transferir
comprehensive,compreensivo
confident,confiante
easy,fácil
prominent,proeminente
presentation,apresentação
net,internet
squeeze,espremer
tobacco,tabaco
significance,significado
imagination,imaginação
pretend,fingir
mere,mero
mix,misturar
spot,ver
fade,desvaneça
steady,estável
neither,nenhum
target,alvo
nowhere,lugar algum
variation,variação
radical,radical
adventure,aventura
profession,profissão
exciting,excitante
fate,destino
regardless,sem considerar
load,carregar
singer,cantor
distribute,distribuir
ton,tonelada
instance,instância
affiliation,afiliação
hunting,Caçando
pale,pálido
paint,pintar
poet,poeta
gradually,gradualmente
partnership,parceria
capability,capacidade
Canadian,canadense
tech,tecnologia
commerce,comércio
grandfather,Vô
bake,assar
shelf,prateleira
honey,querida
round,redondo
flee,fugir
adapt,adaptar
buyer,comprador
divorce,divórcio
defensive,defensiva
bombing,bombardeio
scared,assustada
gesture,gesto
poetry,poesia
reserve,reserva
satisfy,satisfazer
pollution,poluição
lawn,grama
depending,dependendo
wisdom,sabedoria
since,desde
comfort,conforto
plot,enredo
vulnerable,vulnerável
explosion,explosão
tail,rabo
differ,diferir
fellow,companheiro
sustain,sustentar
doubt,dúvida
stability,estabilidade
fantasy,fantasia
obligation,obrigação
God,Deus
damage,dano
bike,bicicleta
dining,jantar
guide,guia
custom,personalizadas
ill,doente
celebrity,celebridade
leather,couro
given,dado
framework,estrutura
beat,bater
owe,dever
slight,pouco
witness,testemunha
tendency,tendência
load,carregar
crack,rachadura
briefly,brevemente
derive,derivar
speaker,palestrante
scandal,escândalo
fifteen,quinze
scheme,esquema
jazz,jazz
in,dentro
elderly,idoso
celebration,celebração
can,posso
evolution,evolução
fighter,lutador
publicly,publicamente
store,armazenar
trace,vestígio
rid,livrar
detective,detetive
closer,mais próximo
limitation,limitação
besides,além do mais
soup,sopa
oven,forno
rapid,rápido
chase,correr atrás
sophisticated,sofisticado
tribe,tribo
pipe,cano
deer,cervo
illustration,ilustração
ok,OK
arrest,prender prisão
mm-hmm,mm-hmm
uniform,uniforme
transmission,transmissão
storage,armazenar
pile,pilha
survivor,sobrevivente
resemble,assemelhar -se
incredible,incrível
impress,impressionar
economist,economista
efficient,eficiente
fifty,cinquenta
shade,sombra
opera,ópera
calculate,calcular
preference,preferência
guideline,diretriz
consume,consumir
maintenance,manutenção
formation,formação
glove,luva
scholarship,Bolsa de estudo
educate,educar
proportion,proporção
appointment,compromisso
fund,fundo
conviction,convicção
myth,mito
solar,solar
vessel,embarcação
wealthy,próspero
friendship,amizade
membership,Filiação
craft,arte
qualify,qualificar
French,Francês
earnings,ganhos
waste,desperdício
asleep,dormindo
porch,varanda
controversial,controverso
painful,doloroso
congressman,Congressista
mama,Mama
monitor,monitor
surprise,surpresa
infant,infantil
cow,vaca
proposed,proposto
sufficient,suficiente
oak,carvalho
terrorist,terrorista
mall,Shopping
punishment,punição
helpful,útil
ongoing,em progresso
admission,admissão
frequency,frequência
ratio,Razão
delay,atraso
privacy,privacidade
trick,truque
etc,etc.
circuit,o circuito
musician,músico
sue,processar
purchase,comprar
aide,assessor
modest,modesto
helicopter,helicóptero
empire,Império
detailed,detalhado
efficiency,eficiência
humor,humor
sanctions,sanções
badly,seriamente
tennis,tênis
emission,emissão
desperate,desesperado
garlic,alho
contest,concurso
strengthen,fortalecer
demonstration,demonstração
restriction,restrição
Irish,irlandês
hunter,caçador
standing,de pé
handful,punhado
explode,explodir
prompt,pronto
absorb,absorver
suspect,suspeito
eager,ansioso
temporary,temporário
commissioner,comissário
diamond,diamante
curious,curioso
differently,diferentemente
across,através
reservation,reserva
downtown,centro da cidade
adjustment,ajustamento
composition,composição
relative,relativo
tiger,tigre
fabric,tecido
assert,afirmar
discrimination,discriminação
float,flutuador
request,solicitar
math,matemática
overlook,negligenciar
corps,corpo
sequence,seqüência
complex,complexo
heel,salto
successfully,com sucesso
examination,exame
horizon,horizonte
German,Alemão
absolute,absoluto
anticipate,antecipar
yours,Sua
dominant,dominante
bull,touro
prevention,prevenção
meter,metro
legitimate,legítimo
mask,mascarar
bite,morder
suit,Traje
stroke,derrame
assignment,atribuição
lion,leão
sense,senso
rifle,rifle
brilliant,brilhante
appoint,nomear
boom,estrondo
naked,nu
hungry,com fome
tight,apertado
flame,chama
Palestinian,palestino
economics,Economia
cabin,cabine
print,imprimir
orange,laranja
wander,perambular
taxpayer,contribuinte
romantic,romântico
devote,dedicar
inflation,inflação
furthermore,além do mais
pine,pinho
agriculture,agricultura
legacy,legado
extension,extensão
barrel,barril
arrival,chegada
register,registro
flavor,sabor
versus,contra
risk,risco
flesh,carne
submit,enviar
garage,garagem
cotton,algodão
operator,operador
nut,porca
rate,avaliar
blade,lâmina
girlfriend,Namorada
fly,voe
dependent,dependente
carbon,carbono
heritage,herança
organic,orgânico
ambassador,embaixador
invasion,invasão
summit,cume
lifestyle,estilo de vida
agricultural,agrícola
shrug,dar de ombros
counsel,conselho
associate,associado
major,formar-se
distinguish,distinguir
menu,cardápio
awful,horrível
wound,ferimento
manufacturing,fabricação
consumption,consumo
permission,permissão
twelve,doze
offensive,ofensiva
shower,banho
collapse,colapso
undergo,submeter-se a
function,função
consciousness,consciência
correct,correto
dry,seco
frustration,frustração
operating,operativo
ease,facilidade
carrier,operadora
scope,alcance
grain,grão
distinct,distinto
ranch,rancho
workshop,oficina
auto,auto
publisher,editor
narrator,narrador
brush,escovar
ban,banimento
portray,retratar
fighting,brigando
borrow,pedir emprestado
seize,aproveitar
psychology,psicologia
subsequent,subseqüente
exceed,ultrapassarem
crack,rachadura
killing,matando
deadline,data limite
athletic,Atlético
wise,sábio
medication,medicamento
repeatedly,repetidamente
frequent,freqüente
rocket,foguete
fame,fama
lung,pulmão
depict,representar
persuade,persuadir
tent,barraca
ah,Ah
motivation,motivação
odds,chances
worried,preocupado
principal,diretor
firm,empresa
ugly,feio
adequate,adequado
nonetheless,Não obstante
criminal,Criminoso
widespread,difundido
transformation,transformação
physically,fisicamente
provider,fornecedor
admire,admirar
headline,título
miracle,milagre
institutional,institucional
homeless,sem teto
impressive,impressionante
chef,chefe de cozinha
tactic,Tática
measurement,medição
identification,identificação
province,província
moderate,moderado
consensus,consenso
lovely,encantador
comedy,comédia
shore,costa
photographer,fotógrafo
venture,risco
competitor,concorrente
nomination,nomeação
confusion,confusão
attribute,atributo
horror,Horror
orientation,orientação
weekly,semanalmente
legislature,legislatura
basket,cesta
crash,batida
continued,contínuo
blanket,cobertor
orange,laranja
eagle,águia
changing,mudando
mouse,rato
ethics,ética
high,Alto
ghost,fantasma
everyday,todo dia
rope,corda
formula,Fórmula
exhibit,Exibir
nerve,nervo
cope,lidar
running,corrida
psychologist,psicólogo
acid,ácido
principal,diretor
pet,bicho de estimação
pitch,tom
occupation,ocupação
courage,coragem
defeat,derrota
pregnancy,gravidez
actress,atriz
patch,correção
margin,margem
reinforce,reforçar
collective,coletivo
brick,tijolo
script,roteiro
cooking,cozinhando
tunnel,túnel
document,documento
concrete,concreto
recruit,recrutar
grocery,mercado
lemon,limão
dare,Ouse
exact,exato
battery,bateria
surprisingly,surpreendentemente
artistic,artístico
shit,merda
indication,indicação
cookie,bolacha
intensity,intensidade
dramatically,dramaticamente
piano,piano
concerning,relativo
lap,colo
inquiry,investigação
Catholic,católico
discourse,discurso
laughter,risada
anniversary,aniversário
telescope,telescópio
swear,jurar
park,parque
charity,caridade
clue,dica
grave,cova
narrative,narrativa
hypothesis,hipótese
upset,chateado
acceptable,aceitável
favor,Favor
couch,sofá
defendant,réu
compose,compor
cool,legal
ballot,voto
related,relacionado
cluster,conjunto
pie,torta
concern,interesse
recording,gravação
rail,trilho
decrease,diminuir
rape,estupro
interrupt,interromper
architect,arquiteto
sigh,suspirar
remark,observação
Christian,cristão
invent,inventar
prescription,prescrição
reward,recompensa
sacred,sagrado
organ,órgão
abroad,fora do país
devil,diabo
dear,caro
rank,classificação
superior,superior
military,militares
greatly,muito
airplane,avião
host,hospedeiro
habitat,habitat
coal,carvão
soccer,futebol
entitle,direito
delay,atraso
instructor,instrutor
integrity,integridade
shine,brilhar
mess,bagunça
norm,norma
allegation,alegação
pill,comprimido
tight,apertado
cry,choro
okay,ok
pleased,satisfeito
plain,avião
inspector,Inspetor
forum,fórum
powder,em pó
sin,pecado
evident,evidente
sponsor,patrocinador
acceptance,aceitação
prosecution,acusação
cognitive,cognitivo
presidency,presidência
finance,finança
favor,Favor
magic,Magia
northwest,noroeste
regulate,regular
exclude,excluir
colonial,colonial
rent,aluguel
peer,par
civilian,civil
harbor,Porto
estimated,estimado
rhythm,ritmo
midnight,meia-noite
counselor,conselheiro
highlight,realçar
palace,Palácio
trading,negociação
compound,composto
bare,nu
echo,eco
integrate,integrar
slice,fatiar
combat,combate
shop,fazer compras
medium,médio
log,registro
surgeon,cirurgião
excuse,com licença
ritual,ritual
resign,demitir-se
net,internet
excited,animado
lightly,levemente
evil,mal
bitter,amargo
export,exportar
swing,balanço
clay,argila
logic,lógica
virtue,virtude
container,recipiente
quarterback,quarterback
beg,implorar
salmon,salmão
greet,saudar
curve,curva
mill,moinho
closet,armário
interior,interior
rod,Cajado
candy,doce
restrict,restringir
initiate,iniciar
reverse,marcha ré
ethical,ético
secondary,secundário
administrative,administrativo
confuse,confundir
deadly,mortal
pig,porco
suburban,suburbano
medal,medalha
receiver,receptor
gaze,olhar
collapse,colapso
snake,cobra
march,março
experimental,experimental
civilization,civilização
classical,clássico
fold,dobrar
weakness,fraqueza
corridor,corredor
harsh,severo
retail,retalho
mortgage,hipoteca
harder,mais difícil
developer,desenvolvedor
legend,lenda
excitement,excitação
enforce,aplicar
murder,assassinato
occasional,ocasional
cowboy,vaqueiro
minimum,mínimo
flash,instantâneo
reliable,confiável
suburb,subúrbio
melt,fundição
fit,em forma
contend,competir
plead,implorar
written,escrito
flood,enchente
unlike,diferente
stem,tronco
inevitable,inevitável
essence,essência
pitcher,jarro
tip,gorjeta
subtle,sutil
stretch,esticar
slam,bater
unemployment,desemprego
trunk,porta-malas
privilege,privilégio
burst,explodido
pitch,tom
architecture,arquitetura
monthly,por mês
render,renderizar
mainstream,convencional
frankly,francamente
obstacle,obstáculo
motivate,motivar
trap,armadilha
drinking,bebendo
elbow,cotovelo
rumor,rumor
swallow,engolir
legislative,legislativo
lecture,palestra
daily,diário
jeans,jeans
duck,pato
slope,declive
t-shirt,camisa
inspection,inspeção
speed,Rapidez
strict,rigoroso
overwhelming,muito pesado
assemble,montar
missing,ausência de
seemingly,aparentemente
label,etiqueta
fraud,fraude
reach,alcançar
plain,avião
protest,protesto
implementation,implementação
hunt,caçar
boyfriend,namorado
integration,integração
rat,rato
wish,desejar
broadcast,transmissão
Korean,coreano
nail,unha
pen,caneta
consult,consultar
companion,companheiro
encounter,encontro
monster,monstro
nightmare,pesadelo
beef,carne
win,ganhar
serving,servir
globe,globo
cholesterol,colesterol
parliament,parlamento
suite,suíte
continuing,continuando
pop,pop
hence,por isso
lend,emprestar
project,projeto
sixth,sexto
mud,lama
pump,bombear
flour,farinha
hostage,refém
ownership,propriedade
facilitate,facilitar
basement,porão
correlation,correlação
hurry,pressa
insect,inseto
arena,arena
drift,deriva
notice,perceber
domain,domínio
cave,caverna
African-American,Afro-americano
consistently,consistentemente
leap,salto
final,final
effectiveness,eficácia
maximum,máximo
array,variedade
unexpected,inesperado
curtain,cortina
sandwich,sanduíche
peaceful,pacífico
humanity,humanidade
prediction,predição
Roman,romano
ideology,ideologia
railroad,Ferrovia
possession,posse
horn,chifre
replacement,substituição
announcement,anúncio
pond,lago
conduct,conduta
forgive,perdoar
past,passado
Muslim,muçulmano
bishop,bispo
aim,mirar
top,topo
uncomfortable,desconfortável
subject,sujeito
laugh,riso
rip,rasgar
random,aleatória
herb,erva
and/or,e/ou
dump,jogar fora
online,conectados
warm,caloroso
guilt,culpa
cattle,gado
strain,tensão
sheriff,xerife
behave,comporte-se
response,resposta
crystal,cristal
execute,executar
wrist,pulso
motive,motivo
painter,pintor
convict,condenar
simultaneously,simultaneamente
recession,recessão
await,aguardam
hallway,corredor
dose,dose
brush,escovar
endure,aguentar
counseling,aconselhamento
civilian,civil
suck,sugar
accommodate,acomodar
traditionally,tradicionalmente
spill,derramar
fiscal,fiscal
welcome,Bem-vindo
retired,aposentado
closed,fechado
gentle,□ Gentil
separation,separação
guard,guarda
warrior,guerreiro
convinced,convencido
southwest,sudoeste
drunk,bêbado
outdoor,ar livre
tune,afinação
patient,paciente
harm,prejuízo
cloth,pano
wherever,onde quer que
administer,administrador
short,curto
supervisor,Supervisor
compromise,compromisso
grateful,grato
Hispanic,hispânico
Japanese,japonês
mandate,mandato
average,média
alarm,alarme
cruise,cruzeiro
injure,ferir
sculpture,escultura
award,prêmio
drain,ralo
temple,têmpora
dancer,dançarino
towel,toalha
Islam,islamismo
continuous,contínuo
govern,governo
crown,coroa
contractor,contratante
adolescent,adolescente
skirt,saia
abuse,Abuso
bacteria,bactérias
adoption,adoção
intelligent,inteligente
praise,elogio
outer,exterior
nearby,próximo
glance,olhar
grip,firmeza
profound,profundo
trigger,acionar
stuff,material
uncertainty,incerteza
driving,dirigindo
enthusiasm,entusiasmo
complexity,complexidade
excuse,com licença
cafe,cafeteria
survey,pesquisa
virtual,virtual
undermine,minar
unity,unidade
chaos,caos
commonly,comumente
endless,sem fim
rhetoric,retórica
trait,característica
pension,pensão
genuine,genuíno
sweat,suor
European,europeu
innovation,inovação
no,não
matter,matéria
currency,moeda
forty,quarenta
lobby,salão
theoretical,teórico
bat,bastão
makeup,Maquiagem
pleasant,prazeroso
rebuild,reconstruir
horrible,horrível
pad,almofada
suspend,suspender
relieve,aliviar
resume,retomar
respectively,respectivamente
promotion,promoção
technological,tecnológica
galaxy,galáxia
altogether,completamente
apologize,desculpar-se
research,pesquisar
infrastructure,a infraestrutura
shuttle,transporte
thumb,dedão
questionnaire,questionário
sidewalk,calçada
businessman,homem de negocios
weird,estranhas
radiation,radiação
format,formato
scare,susto
bounce,quicar
doll,boneca
attraction,atração
needle,agulha
Israeli,israelense
lock,trancar
counterpart,contrapartida
convey,comunicar
compensation,compensação
ship,navio
exclusive,exclusivo
twist,torção
precise,preciso
suspicion,suspeita
southeast,sudeste
walking,andando
boost,impulso
scatter,dispersão
rebel,rebelde
van,furgão
identical,idêntico
shame,vergonha
blow,golpe
delicate,delicado
Olympics,Olimpíadas
wider,mais largo
corruption,corrupção
hook,gancho
lieutenant,tenente
firmly,firmemente
structural,estrutural
pause,pausa
invisible,invisível
forehead,testa
traveler,viajante
meaningful,significativo
provided,forneceu
colony,colônia
signature,assinatura
database,base de dados
clerk,atendente
dedicate,dedicar
determination,determinação
signal,sinal
anxious,ansioso
sum,soma
frozen,congeladas
juror,jurado
timing,cronometragem
punish,punir
crawl,engatinhar
conscious,consciente
colonel,coronel
fitness,ginástica
landing,pousar
doctrine,doutrina
belly,barriga
pope,papa
thereby,deste modo
historically,historicamente
playoff,Pague
poster,poster
harder,mais difícil
acquisition,aquisição
rescue,resgate
departure,partida
summary,resumo
wrong,errado
medium,médio
chronic,crônica
evil,mal
handsome,bonito
finish,Finalizar
hug,abraço
wow,uau
pursuit,perseguir
residence,residência
loud,alto
promising,promissor
disk,disco
doorway,Porta
diagnosis,diagnóstico
scout,Scout
cancel,cancelar
desire,desejo
amid,Entre
envelope,envelope
sooner,mais cedo
beam,feixe
reluctant,relutante
spouse,cônjuge
fluid,fluido
exit,saída
mild,suave
electrical,elétrico
bite,morder
bath,banho
decent,decente
ankle,tornozelo
transaction,transação
reporting,comunicando
exhibit,Exibir
pit,opor
practically,praticamente
oxygen,oxigênio
racism,racismo
fist,punho
garbage,lixo
ban,banimento
guitar,violão
expertise,perícia
parade,parada
exploration,exploração
carve,esculpir
realm,reino
recipient,destinatário
residential,residencial
bias,tendência
sunlight,luz solar
lamp,lâmpada
donor,doador
repair,reparar
sharply,bruscamente
hers,dela
guidance,orientação
diplomatic,diplomático
classic,clássico
purple,roxo
princess,Princesa
candle,vela
advocate,advogado
generous,generoso
strip,faixa
necessity,necessidade
tuck,Tuck
debate,debate
statue,estátua
frame,quadro
elevator,elevador
popularity,popularidade
indicator,indicador
entity,entidade
interior,interior
limb,membro
bold,negrito
hesitate,hesitar
magic,Magia
starting,iniciando
diminish,diminuir
inside,lado de dentro
readily,prontamente
elegant,elegante
engagement,noivado
rage,fúria
destination,destino
realistic,realista
intent,intenção
metaphor,metáfora
automobile,automóvel
productive,produtivo
endorse,endossar
isolate,isolar
confess,confessar
wilderness,região selvagem
minimize,minimizar
diagnose,diagnosticar
happiness,felicidade
spectrum,espectro
hint,dica
eating,comendo
tune,afinação
volunteer,voluntário
abstract,abstrato
revolutionary,revolucionário
gym,academia
addition,Adição
Russian,russo
disappointed,desapontado
particle,partícula
repair,reparar
dynamic,dinâmico
pump,bombear
kiss,beijo
value,valor
automatically,automaticamente
overall,No geral
dawn,alvorecer
ruling,governar
mechanical,mecânico
feel,sentir
vitamin,Vitamina
silly,boba
handle,lidar com
artificial,artificial
outstanding,excepcional
age,era
peel,descasca
rescue,resgate
oral,oral
o'clock,O'Clock
undertake,empreender
lonely,sozinho
servant,servo
indigenous,indígena
civic,Civic
full-time,tempo total
worry,preocupar
cooperate,colaborar
casual,casual
behavioral,comportamental
shortage,falta
reception,recepção
offering,oferta
huh,Hã
credibility,credibilidade
chin,queixo
physics,física
vanish,desaparecer
blend,mistura
noon,meio-dia
precious,precioso
command,comando
wake,acordar
flip,virar
scary,apavorante
pizza,pizza
toilet,banheiro
representative,representante
silk,seda
bid,licitação
gathering,reunião
softly,suavemente
annually,anualmente
hook,gancho
suffering,Sofrimento
accuracy,precisão
marine,marinho
broker,corretor
hopefully,esperançosamente
descend,descer
tide,maré
trail,trilha
stumble,tropeçar
verbal,verbal
spring,primavera
collector,colecionador
judicial,judicial
burning,queimando
inventory,inventário
fool,idiota
way,caminho
loyalty,lealdade
performer,artista
kit,kit
romance,romance
quantity,quantidade
alleged,alegou
therapist,terapeuta
longtime,muito tempo
sink,afundar
sentiment,sentimento
sodium,sódio
seal,selo
trailer,reboque
spread,espalhar
shared,compartilhado
equity,equidade
banking,bancário
ridiculous,ridículo
processing,em processamento
please,por favor
dilemma,dilema
quest,busca
pillow,travesseiro
slice,fatiar
shock,choque
lately,recentemente
laser,laser
rigid,rígido
ours,nosso
prohibit,proibir
switch,trocar
genius,gênio
starter,iniciante
stem,tronco
primary,Primário
cart,carrinho
trap,armadilha
Cuban,cubano
inmate,preso
sacrifice,sacrifício
officially,oficialmente
slap,tapa
credit,crédito
mysterious,misterioso
Arab,árabe
specialize,especializar
fork,garfo
invitation,convite
sail,velejar
regulatory,regulatório
cartoon,desenho animado
stiff,rígido
courtroom,Tribunal
import,importar
tightly,firmemente
flash,instantâneo
equation,equação
treasure,tesouro
jaw,mandíbula
scan,Varredura
condemn,condenar
improved,melhorou
pickup,pegar
dignity,dignidade
inspiration,inspiração
automatic,automático
merchant,comerciante
Greek,grego
hostile,hostil
extended,estendido
homeland,terra natal
gasoline,Gasolina
gravity,gravidade
defeat,derrota
near,aproximar
thoroughly,completamente
exchange,intercâmbio
bow,arco
glory,glória
reserve,reserva
optimistic,otimista
sergeant,sargento
casualty,acidente
concede,conceder
bloody,sangrento
barn,celeiro
donate,doar
unite,unir
pro,pró
senior,Senior
feedback,retorno
grief,pesar
spite,Despeito
steep,íngreme
productivity,produtividade
conceive,conceber
tender,macio
continent,continente
hardware,hardware
equip,equipar
wagon,vagão
besides,além do mais
output,resultado
withdrawal,cancelamento
elder,mais velho
cage,cela
coastal,costeiro
patience,paciência
shallow,raso
earthquake,terremoto
voting,votação
input,entrada
canvas,tela
slide,deslizar
click,clique
sword,espada
mate,amigo
portfolio,Portfólio
bug,incomodar
refrigerator,frigorífico
escape,escapar
heat,aquecer
northeast,nordeste
seventh,sétimo
post,publicar
combined,combinado
alien,estrangeiro
willingness,disposição
hidden,escondido
accounting,contabilidade
sexually,sexualmente
chop,Picar
patrol,patrulha
symbolic,simbólico
ruin,ruína
rock,Rocha
drum,tambor
opposed,oposto
sheer,puro
ideological,ideológico
discourage,desencorajar
canal,canal
prior,anterior
haul,transporte
protective,protetor
regard,que diz respeito
conspiracy,conspiração
steam,vapor
embassy,embaixada
tackle,enfrentar
tropical,tropical
instantly,imediatamente
bubble,bolha
calm,calma
sheep,ovelha
rent,aluguel
accent,sotaque
grasp,aperto
modify,modificar
grin,sorriso
toxic,tóxico
mixed,misturado
magnitude,magnitude
afterward,depois
root,raiz
progressive,progressivo
manipulate,manipular
vaccine,vacina
monument,monumento
trace,vestígio
verdict,veredito
flexible,flexível
declaration,declaração
costume,traje
drawer,gaveta
bless,abençoar
rack,prateleira
secure,seguro
position,posição
deeper,Deeper
divorce,divórcio
neutral,neutro
fascinating,fascinante
terrific,formidável
sympathy,simpatia
draft,rascunho
spectacular,espetacular
ounce,onça
rear,traseira
inn,Pousada
collaboration,colaboração
clip,grampo
instruct,instruir
sock,meia
rider,cavaleiro
revelation,revelação
object,objeto
accomplishment,realização
seal,selo
faint,desmaiar
ease,facilidade
spell,soletrar
gospel,Evangelho
whale,baleia
theatre,teatro
coordinator,Coordenador
talented,talentoso
alongside,ao lado
cab,táxi
isolation,isolamento
costly,dispendioso
tragic,trágico
loud,alto
instinct,instinto
seat,assento
intimate,íntimo
underlying,subjacente
respect,respeito
influential,influente
pastor,pastor
presumably,presumivelmente
cook,cozinheiro
skip,pular
eleven,onze
tens,dezenas
whoever,quem quer que seja
ancestor,antepassado
safely,com segurança
nominee,Nomeado
exotic,exótico
minimal,mínimo
uncertain,incerto
Persian,persa
parental,parental
orchestra,orquestra
treasury,tesouraria
tolerate,tolerar
gallon,galão
thigh,coxa
fortunately,felizmente
ambitious,ambicioso
actively,ativamente
flexibility,flexibilidade
jar,jarra
cocaine,cocaína
incredibly,incrivelmente
consequently,consequentemente
documentary,documentário
charge,carregar
insert,inserir
ambition,ambição
functional,funcional
bankruptcy,falência
runner,corredor
execution,execução
crush,crush
buddy,camarada
workplace,local de trabalho
skull,crânio
cord,cordão
fixed,fixo
equivalent,equivalente
casino,cassino
reliability,confiabilidade
expected,esperado
boil,ferver
whip,chicote
divine,divino
proposition,proposição
census,Censo
correction,correção
jump,pular
diary,diário
nest,ninho
statute,estatuto
exam,exame
metropolitan,Metropolitan
star,Estrela
nutrition,nutrição
breeze,brisa
illusion,ilusão
anonymous,anônimo
coup,golpe
midst,meio
edit,editar
experienced,com experiência
castle,castelo
sort,ordenar
exploit,explorar
jewelry,joia
diabetes,diabetes
translation,tradução
Dutch,Holandês
upset,chateado
harm,prejuízo
irony,ironia
associated,associado
utilize,utilizar
rabbit,coelho
soap,sabão
booth,cabine
minimum,mínimo
immune,imune
gut,intestino
appreciation,apreciação
cast,elenco
scramble,passeio
upstairs,andar de cima
punch,soco
gross,bruto
liability,responsabilidade
accessible,acessível
mechanic,mecânico
ass,bunda
aesthetic,estético
dessert,sobremesa
waist,cintura
alike,parecido
brave,corajoso
loop,ciclo
passing,passagem
partially,parcialmente
statistical,Estatística
correctly,corretamente
pin,alfinete
practitioner,praticante
encouraging,encorajando
syndrome,síndrome
tribal,tribal
persist,persistir
trash,lixo
teenage,Adolescência
self-esteem,auto estima
preliminary,preliminares
stay,fique
sunset,pôr do sol
harassment,assédio
reportedly,segundo
quote,citar
fever,febre
panic,pânico
charter,Carta
outlook,panorama
foster,adotivo
comprise,compreende
known,conhecido
Thanksgiving,Ação de graças
short-term,curto prazo
shed,cabana
cooperative,cooperativo
alley,beco
subsidy,subvenção
secular,secular
aluminum,alumínio
cliff,penhasco
gram,grama
outline,contorno
mentally,mentalmente
invade,invadir
confrontation,confronto
sacrifice,sacrifício
dissolve,dissolver
shy,tímido
coin,moeda
speculation,especulação
creativity,criatividade
custody,custódia
interfere,interferir
spoon,colher
bee,abelha
rolling,rolando
interact,interagir
damn,droga
dam,barragem
unfair,Injusto
someday,algum dia
liquid,líquido
disclose,divulgar
mushroom,cogumelo
disabled,Desativado
counter,contador
catalog,Catálogo
gaze,olhar
publicity,publicidade
compel,obrigar
cease,cessar
ideal,ideal
decorate,decorar
surrounding,em torno da
exclusively,exclusivamente
bonus,bônus
unprecedented,sem precedente
oversee,vigiar
touchdown,aterragem
federation,federação
aggression,agressão
behalf,lado
well-known,bem conhecido
donation,doação
desperately,desesperadamente
reward,recompensa
high-tech,alta tecnologia
cheat,burlar
audio,Áudio
sensation,sensação
entrepreneur,empreendedor
proclaim,proclamar
supplier,fornecedor
rival,rival
reminder,lembrete
heal,curar
case,caso
beast,fera
uncover,descobrir
merit,mérito
momentum,momento
stimulate,estimular
rational,racional
columnist,colunista
pioneer,pioneiro
biology,biologia
photography,fotografia
innovative,Inovativa
purse,bolsa
franchise,franquia
consent,consentimento
outfit,equipamento
eve,véspera
spray,Spray
shove,empurrão
fisherman,pescador
sensitivity,sensibilidade
courtesy,cortesia
stack,pilha
pork,carne de porco
teammate,companheiro de equipe
instant,instante
pulse,pulso
outsider,fora
pro,pró
helmet,capacete
ladder,escada
openly,abertamente
fierce,feroz
bet,aposta
required,requeridos
shrink,Psiquiatra
cute,bonitinho
dot,ponto
weaken,enfraquecer
filter,filtro
worldwide,no mundo todo
envision,imagine
videotape,video cassete
partial,parcial
patent,patente
tray,bandeja
jungle,selva
classify,classificar
specialty,especialidade
nasty,desagradável
aisle,corredor
graph,gráfico
wound,ferimento
sexy,sexy
disturb,perturbar
excessive,excessivo
banker,banqueiro
aid,ajuda
installation,instalação
swimming,natação
placement,colocação
attendance,comparecimento
informal,informal
sack,saco
flood,enchente
eighth,oitavo
premise,premissa
grill,grade
model,modelo
dying,moribundo
colorful,colorido
hockey,hóquei
backyard,quintal
collar,colarinho
breathing,respirando
logical,lógico
lightning,relâmpago
dried,seco
discount,desconto
sole,único
boast,se vanglorie
tag,marcação
sibling,irmão
stove,fogão
trainer,treinador
vertical,vertical
added,adicionado
marketplace,Mercado
cure,cura
curiosity,curiosidade
organizational,organizacional
shrimp,camarão
inherit,herdar
color,cor
distract,distrair
isolated,isolado
planner,planejador
supposedly,supostamente
likewise,Da mesma forma
monkey,macaco
toll,pedágio
embarrassed,envergonhado
deliberately,deliberadamente
bicycle,bicicleta
stance,posição
orbit,órbita
hormone,hormônio
depressed,depressivo
organism,organismo
deploy,implantar
strictly,estritamente
deem,Deem
eyebrow,sobrancelha
legally,legalmente
puzzle,quebra-cabeça
icon,ícone
pat,Pat
closest,mais próximo
sneak,esgueirar-se
fleet,frota
conservation,conservação
supportive,apoio
comparable,comparável
texture,textura
access,Acesso
striking,impressionante
associate,associado
Christianity,cristandade
dip,mergulhar
disappointment,desapontamento
sleeve,manga
socially,socialmente
wheat,trigo
chunk,pedaço
two-thirds,dois terços
pile,pilha
refuge,refúgio
blank,em branco
unfold,desdobrar
considerably,consideravelmente
frontier,fronteira
faster,mais rápido
suspicious,suspeito
conception,concepção
feather,pena
elephant,elefante
rain,chuva
cure,cura
near,aproximar
intellectual,intelectual
textbook,livro didático
joke,Piada
glimpse,vislumbre
inevitably,inevitavelmente
triumph,triunfo
plunge,mergulho
sphere,esfera
hunger,fome
density,densidade
cheer,alegrar
balanced,equilibrado
protocol,protocolo
part,papel
legislator,legislador
auction,leilão
equality,igualdade
risky,arriscado
cemetery,cemitério
builder,construtor
awake,acordado
retailer,varejista
debut,estréia
tighten,apertar
spare,poupar
compromise,compromisso
constraint,restrição
compliance,observância
sponsor,patrocinador
emerging,emergente
this,isto
elaborate,elaborar
atop,no topo
chew,mastigar
similarity,semelhança
pencil,lápis
calculation,Cálculo
tolerance,tolerância
astronomer,astrônomo
bulk,volume
arm,braço
interval,intervalo
notebook,caderno
genre,gênero
likelihood,probabilidade
liberal,liberal
streak,à risca
rib,costela
scent,odor
validity,validade
grin,sorriso
steer,dirigir
intact,intacto
shark,Tubarão
uh,uh
programming,programação
dumb,idiota
formerly,anteriormente
squad,esquadrão
comply,cumprir
debris,destroços
peasant,camponês
outlet,tomada
chase,correr atrás
neat,organizado
valid,válido
kingdom,reino
solely,exclusivamente
eligible,elegível
regret,arrepender
municipal,municipal
strain,tensão
deposit,depósito
transport,transporte
dough,massa
lid,tampa
voluntary,voluntário
journalism,jornalismo
any,algum
impulse,impulso
policeman,policial
objection,objeção
thrive,florescer
privately,particular
cling,agarrar -se
halfway,a meio caminho
unhappy,infeliz
rally,corrida
scratch,"coçar, arranhão"
robot,robô
conversion,conversão
supermarket,supermercado
blink,piscar
philosophical,filosófico
happily,Felizmente
thread,fio
allegedly,alegadamente
ash,cinza
dynamics,dinâmica
denial,negação
riot,rebelião
soar,disparar
mentor,mentor
beard,barba
widow,viúva
offender,agressor
landmark,marco
apart,separado
instant,instante
routinely,rotineiramente
butt,bunda
forbid,proibir
bomb,bombear
migration,migração
carrot,cenoura
harmony,harmonia
downtown,centro da cidade
brutal,brutal
prevail,prevalecer
weed,erva daninha
exhaust,escape
pasta,massa
distinctive,distintivo
fraction,fração
remark,observação
emotionally,emocionalmente
poke,cutucar
guarantee,garantia
dancing,dançando
trouble,problema
freshman,calouro
suitable,adequado
youngster,jovem
slavery,escravidão
balloon,balão
opt,optar
crowded,superlotado
liver,fígado
listener,ouvinte
calm,calma
ironically,ironicamente
affirmative,afirmativa
commodity,mercadoria
fur,pelagem
freely,livremente
light,leve
removal,remoção
regard,que diz respeito
round,redondo
goat,cabra
shareholder,acionista
expedition,expedição
loyal,leal
conscience,consciência
fragile,frágil
calendar,calendário
mineral,mineral
coming,chegando
circle,círculo
fare,tarifa
blessing,bênção
liberation,libertação
steak,bife
liquid,líquido
ecological,ecológico
banana,banana
catch,truque
steadily,constantemente
blast,explosão
nonprofit,organização sem fins lucrativos
mobile,Móvel
straw,Palha
projection,projeção
rubber,borracha
overnight,durante a noite
neighboring,vizinho
enact,encenar
favorable,favorável
severely,severamente
demographic,demográfico
terrain,terreno
explicit,explícito
integrated,integrado
terribly,terrivelmente
veteran,veterano
level,nível
sofa,sofá
screw,parafuso
shield,escudo
invention,invenção
Iraqi,iraquiano
perceived,percebido
leave,sair
cruel,cruel
bomber,bombardeiro
provoke,provocar
autonomy,autonomia
publishing,publicação
retreat,retiro
theology,teologia
substantially,substancialmente
mansion,mansão
developmental,desenvolvimento
one-third,um terço
transmit,transmite
contemplate,contemplar
authorize,autorizar
mathematics,matemática
battle,batalha
old-fashioned,antiquado
lawmaker,legislador
threshold,limite
radar,radar
seldom,raramente
low,baixo
headache,dor de cabeça
rental,aluguel
spy,espião
patron,patrono
driveway,Mediante de entrada
till,até
broadcast,transmissão
overwhelm,Sobrecarga
coordinate,coordenada
vendor,fornecedor
transport,transporte
fragment,fragmento
hammer,martelo
seminar,seminário
availability,disponibilidade
peanut,amendoim
fantastic,fantástico
depart,partir
permit,permitir
cottage,cabana
specify,especificamos
frustrate,frustrar
disturbing,perturbador
artifact,artefato
basin,bacia
regain,recuperar
grape,uva
ego,ego
sometime,às vezes
organized,organizado
charm,charme
sweater,suéter
rim,aro
speculate,especular
delight,prazer
fatigue,fadiga
devastating,devastador
instructional,instrução
plea,declarar
tourism,turismo
crowd,multidão
warmth,cordialidade
jurisdiction,jurisdição
update,atualizar
accusation,acusação
diagram,diagrama
middle-class,classe média
graduation,graduação
mention,menção
beyond,além
within,dentro de
spark,fagulha
convenience,conveniência
chill,frio
economically,economicamente
undergraduate,estudante universitário
dictate,ditar
regulator,regulador
defender,defensor
workout,treino
accurately,com precisão
tile,telha
foreigner,estrangeiro
importantly,importante
citizenship,cidadania
plaza,praça
devise,inventar
premium,Prêmio
chemistry,química
bureaucracy,burocracia
inherent,inerente
hazard,perigo
swell,inchar
bride,noiva
bow,arco
processor,processador
bucket,balde
timber,madeira
feminist,feminista
till,até
tumor,tumor
apology,desculpa
screening,triagem
arrow,flecha
marker,marcador
sunny,ensolarado
technician,técnico
homework,trabalho de casa
fog,névoa
soak,absorver
mortality,mortalidade
flying,vôo
accountability,responsabilidade
skilled,especializado
straighten,endireitar
sprinkle,Polvilhe
cue,deixa
epidemic,epidemia
articulate,articular
rehabilitation,reabilitação
diplomat,diplomata
ribbon,fita
transit,transito
militia,milícia
kneel,ajoelhar
seller,vendedor
fatal,fatal
twist,torção
compelling,atraente
praise,elogio
copy,cópia de
well-being,bem-estar
laundry,lavanderia
screen,tela
confession,confissão
twentieth,vigésimo
dense,denso
accelerate,acelerar
tribute,tributo
smoking,fumar
aboard,a bordo
marble,mármore
entertain,entreter
boring,tedioso
scrutiny,escrutínio
bizarre,bizarro
bargain,barganha
deeper,Deeper
drown,afogar
biography,biografia
naval,naval
nationwide,em todo o país
skeptical,cético
shorts,calção
lens,lente
spit,cuspir
sexuality,sexualidade
rape,estupro
warehouse,armazém
paradise,paraíso
nominate,nomear
developed,desenvolvido
campaign,campanha
unfortunate,infeliz
grandchild,neto
tenure,posse
preach,pregar
slot,slot
stereotype,estereótipo
bulb,lâmpada
weave,tecer
merger,fusão
inadequate,inadequado
objective,objetivo
electronics,eletrônicos
trim,aparar